<?xml version='1.0' encoding='UTF-8'?><DetalheParlamentar xmlns:xsi='http://www.w3.org/2001/XMLSchema-instance' xsi:noNamespaceSchemaLocation='http://legis.senado.leg.br/dadosabertos/dados/DetalheParlamentarv6.xsd'><Metadados><Versao>08/02/2022 05:06:34</Versao><VersaoServico>6</VersaoServico><DataVersaoServico>2021-09-09</DataVersaoServico><DescricaoDataSet>Informações sobre o parlamentar.</DescricaoDataSet></Metadados><Parlamentar><IdentificacaoParlamentar><CodigoParlamentar>4610</CodigoParlamentar><CodigoPublicoNaLegAtual>899</CodigoPublicoNaLegAtual><NomeParlamentar>Alexandre Silveira</NomeParlamentar><NomeCompletoParlamentar>Alexandre Silveira de Oliveira</NomeCompletoParlamentar><SexoParlamentar>Masculino</SexoParlamentar><UrlFotoParlamentar>http://www.senado.leg.br/senadores/img/fotos-oficiais/senador4610.jpg</UrlFotoParlamentar><UrlPaginaParlamentar>http://www25.senado.leg.br/web/senadores/senador/-/perfil/4610</UrlPaginaParlamentar><SiglaPartidoParlamentar>PSD</SiglaPartidoParlamentar><UfParlamentar>MG</UfParlamentar></IdentificacaoParlamentar><DadosBasicosParlamentar><DataNascimento>1970-07-15</DataNascimento><Naturalidade>Belo Horizonte</Naturalidade><UfNaturalidade>MG</UfNaturalidade><EnderecoParlamentar>Senado Federal Anexo 2   Ala Tancredo Neves Gabinete 51</EnderecoParlamentar></DadosBasicosParlamentar><Telefones><Telefone><NumeroTelefone>33035717</NumeroTelefone><OrdemPublicacao>1</OrdemPublicacao><IndicadorFax>Não</IndicadorFax></Telefone></Telefones><OutrasInformacoes><Servico><NomeServico>ApartesParlamentar</NomeServico><DescricaoServico>Apartes do parlamentar</DescricaoServico><UrlServico>http://legis.senado.leg.br/dadosabertos/senador/4610/apartes?v=5</UrlServico></Servico><Servico><NomeServico>CargoParlamentar</NomeServico><DescricaoServico>Cargos do parlamentar ao longo do(s) mandato(s).</DescricaoServico><UrlServico>http://legis.senado.leg.br/dadosabertos/senador/4610/cargos?v=5</UrlServico></Servico><Servico><NomeServico>DiscursosParlamentar</NomeServico><DescricaoServico>Discursos do parlamentar. Se não informar o período, serão retornados os discursos dos últimos 30 dias.</DescricaoServico><UrlServico>http://legis.senado.leg.br/dadosabertos/senador/4610/discursos?v=5</UrlServico></Servico><Servico><NomeServico>FiliacaoParlamentar</NomeServico><UrlServico>http://legis.senado.leg.br/dadosabertos/senador/4610/filiacoes?v=5</UrlServico></Servico><Servico><NomeServico>HistoricoAcademicoParlamentar</NomeServico><DescricaoServico>Retorna o histporico acadêmico do parlamentar.</DescricaoServico><UrlServico>http://legis.senado.leg.br/dadosabertos/senador/historicoAcademico/4610/historicoAcademico?v=1</UrlServico></Servico><Servico><NomeServico>LicencaParlamentar</NomeServico><DescricaoServico>Licenças do parlamentar.</DescricaoServico><UrlServico>http://legis.senado.leg.br/dadosabertos/senador/4610/licencas?v=5</UrlServico></Servico><Servico><NomeServico>LiderancaParlamentar</NomeServico><DescricaoServico>Cargos de liderança do parlamentar ao longo do(s) mandato(s)</DescricaoServico><UrlServico>http://legis.senado.leg.br/dadosabertos/senador/4610/liderancas?v=5</UrlServico></Servico><Servico><NomeServico>MandatoParlamentar</NomeServico><DescricaoServico>Mandatos do parlamentar (atual e anteriores, se houver)</DescricaoServico><UrlServico>http://legis.senado.leg.br/dadosabertos/senador/4610/mandatos?v=5</UrlServico></Servico><Servico><NomeServico>MateriasAutoriaParlamentar</NomeServico><DescricaoServico>Matérias de autoria ou coautoria do parlamentar</DescricaoServico><UrlServico>http://legis.senado.leg.br/dadosabertos/senador/4610/autorias?v=7</UrlServico></Servico><Servico><NomeServico>MateriasRelatoriaParlamentar</NomeServico><DescricaoServico>Matérias de relatoria do parlamentar</DescricaoServico><UrlServico>http://legis.senado.leg.br/dadosabertos/senador/4610/relatorias?v=6</UrlServico></Servico><Servico><NomeServico>MembroComissaoParlamentar</NomeServico><DescricaoServico>Comissões em que o parlamentar é (ou foi) membro</DescricaoServico><UrlServico>http://legis.senado.leg.br/dadosabertos/senador/4610/comissoes?v=5</UrlServico></Servico><Servico><NomeServico>ProfissaoParlamentar</NomeServico><DescricaoServico>Retorna a(s) profissão(ões) do parlamentar.</DescricaoServico><UrlServico>http://legis.senado.leg.br/dadosabertos/senador/profissao/4610/profissoes?v=1</UrlServico></Servico><Servico><NomeServico>VotacaoParlamentar</NomeServico><DescricaoServico>Votos do parlamentar ao longo do(s) mandato(s)</DescricaoServico><UrlServico>http://legis.senado.leg.br/dadosabertos/senador/4610/votacoes?v=7</UrlServico></Servico></OutrasInformacoes></Parlamentar></DetalheParlamentar>