<?xml version = '1.0' encoding = 'ISO-8859-1'?>
<AgendaPlenario xmlns:xsi="http://www.w3.org/2001/XMLSchema-instance" xsi:noNamespaceSchemaLocation="http://legis.senado.gov.br/dadosabertos/dados/AgendaPlenariov2.xsd">
   <Metadados>
      <Versao>08/02/2022 10:47:41</Versao><VersaoServico>2</VersaoServico><DescricaoDataSet>Exibe a agenda prevista das sessões plenárias de determinada data.
      Alteração:
      Inclusão do atributo &quot;PautaConfirmada&quot; com valores Sim/Não.
      Sim=Pauta da Sessão confirmada
      Não=Pauta prevista (não confirmada)</DescricaoDataSet>
   </Metadados>
   <Sessoes>
      <Sessao><DiaUtil>08</DiaUtil><Data>2022-02-08</Data><DiaSemana>terça-feira</DiaSemana><Mes>Fevereiro</Mes><Horario>9 horas </Horario><Hora>9:00</Hora><NumeroSessao>2ª SESSÃO </NumeroSessao><TipoSessao>SESSÃO ESPECIAL</TipoSessao><CodigoSessao>24913</CodigoSessao><Casa>SF</Casa><SessaoLegislativa>4</SessaoLegislativa><Legislatura>56</Legislatura><CodigoSituacaoSessao>3</CodigoSituacaoSessao><SituacaoSessao>Em andamento</SituacaoSessao><Realizada><Status>Sim</Status></Realizada><PautaConfirmada>Sim</PautaConfirmada><TipoPresenca>R</TipoPresenca><DescricaoTipoPresenca>Remota</DescricaoTipoPresenca><Evento><DescricaoTipoEvento>Sessão Especial</DescricaoTipoEvento><Data>8 de fevereiro de 2022</Data><DiaSemana>terça-feira</DiaSemana><Horario>às 9 horas</Horario><TipoSessao>(SESSÃO ESPECIAL) </TipoSessao><DescricaoEvento>Comemorar o 25º aniversário da Rádio Senado e da Agência Senado.
      Local: Plenário Virtual do Senado Federal.</DescricaoEvento><OrigemAutor><Requerimento><Origem>Requerimento nº 2288, de 2021</Origem><NomeAutor>Senador Carlos Viana</NomeAutor><DataAprovacao>2021-11-23</DataAprovacao><IndicadorTextoNegrito>0</IndicadorTextoNegrito></Requerimento></OrigemAutor><FimInscricao>(Até as 20h03min de 7.2.2022)</FimInscricao><IndicadorPublicaOrador>0</IndicadorPublicaOrador></Evento></Sessao><Sessao><DiaUtil>08</DiaUtil><Data>2022-02-08</Data><DiaSemana>terça-feira</DiaSemana><Mes>Fevereiro</Mes><Horario>16 horas </Horario><Hora>16:00</Hora><TipoSessao>SESSÃO CONJUNTA</TipoSessao><LocalSessao>Plenário da Câmara dos Deputados</LocalSessao><CodigoSessao>24924</CodigoSessao><Casa>CN</Casa><SessaoLegislativa>4</SessaoLegislativa><Legislatura>56</Legislatura><CodigoSituacaoSessao>2</CodigoSituacaoSessao><SituacaoSessao>Convocada</SituacaoSessao><Realizada><Status>Não</Status></Realizada><PautaConfirmada>Sim</PautaConfirmada><TipoPresenca>S</TipoPresenca><DescricaoTipoPresenca>Semipresencial</DescricaoTipoPresenca><Evento><DescricaoTipoEvento>Sessão do Congresso Nacional</DescricaoTipoEvento><Data>8 de fevereiro de 2022</Data><DiaSemana>terça-feira</DiaSemana><Horario>às 16 horas</Horario><TipoSessao>(SESSÃO CONJUNTA) </TipoSessao><DescricaoEvento>Destinada à deliberação dos Vetos nºs 14, 19, 25, 33, 36, 41, 46, 48, 50, 55, 56, 58 a 63 de 2021, e 2 e 6 de 2022.</DescricaoEvento><FimInscricao>(Até as 10h29min de 8.2.2022)</FimInscricao><IndicadorPublicaOrador>0</IndicadorPublicaOrador></Evento><Materias><Materia><CodigoMateria>148150</CodigoMateria><Identificacao>VETO TOTAL Nº 14, DE 2021
      
      </Identificacao><SiglaMateria>VET</SiglaMateria><NumeroMateria>00014</NumeroMateria><AnoMateria>2021</AnoMateria><DescricaoIdentificacaoMateria>VET 14/2021</DescricaoIdentificacaoMateria><SiglaCasaIniciadora>SF</SiglaCasaIniciadora><Ementa>Veto Total aposto ao Projeto de Lei do Senado nº 379, de 2012 (nº 8.219/2014, na Câmara dos Deputados), que &quot;Altera o art. 39 da Lei nº 8.069, de 13 de julho de 1990 (Estatuto da Criança e do Adolescente), para prever tentativas de reinserção familiar da criança ou do adolescente&quot;.</Ementa><Apreciacao>Votação, em turno único</Apreciacao><ApreciacaoPapeleta>Votação, em turno único, do</ApreciacaoPapeleta><EmentaPapeleta>Veto Total aposto ao Projeto de Lei do Senado nº 379, de 2012 (nº 8.219/2014, na Câmara dos Deputados), que &quot;Altera o art. 39 da Lei nº 8.069, de 13 de julho de 1990 (Estatuto da Criança e do Adolescente), para prever tentativas de reinserção familiar da criança ou do adolescente&quot;.</EmentaPapeleta><NomeAutor>Presidência da República</NomeAutor><TipoPauta>O</TipoPauta><DescricaoTipoPauta>ORDEM DO DIA</DescricaoTipoPauta><SequenciaOrdem>1</SequenciaOrdem></Materia><Materia><CodigoMateria>148282</CodigoMateria><Identificacao>VETO PARCIAL Nº 19, DE 2021
      
      </Identificacao><SiglaMateria>VET</SiglaMateria><NumeroMateria>00019</NumeroMateria><AnoMateria>2021</AnoMateria><DescricaoIdentificacaoMateria>VET 19/2021</DescricaoIdentificacaoMateria><SiglaCasaIniciadora>CD</SiglaCasaIniciadora><Origem>nº 186 de 2021, na Câmara dos Deputados</Origem><Ementa>&quot;Dispõe sobre ações emergenciais e temporárias destinadas ao setor de eventos para compensar os efeitos decorrentes das medidas de combate à pandemia da Covid-19; institui o Programa Emergencial de Retomada do Setor de Eventos (Perse) e o Programa de Garantia aos Setores Críticos (PGSC); e altera as Leis nºs 13.756, de 12 de dezembro de 2018, e 8.212, de 24 de julho de 1991&quot;.</Ementa><Apreciacao>Votação, em turno único</Apreciacao><ApreciacaoPapeleta>Votação, em turno único, do Veto Parcial nº 19, de 2021, de autoria da Presidência da República, aposto ao Projeto de Lei  nº 5.638, de 2020, que</ApreciacaoPapeleta><EmentaPapeleta>&quot;Dispõe sobre ações emergenciais e temporárias destinadas ao setor de eventos para compensar os efeitos decorrentes das medidas de combate à pandemia da Covid-19; institui o Programa Emergencial de Retomada do Setor de Eventos (Perse) e o Programa de Garantia aos Setores Críticos (PGSC); e altera as Leis nºs 13.756, de 12 de dezembro de 2018, e 8.212, de 24 de julho de 1991&quot;.</EmentaPapeleta><NomeAutor>Presidência da República</NomeAutor><TipoPauta>O</TipoPauta><DescricaoTipoPauta>ORDEM DO DIA</DescricaoTipoPauta><SequenciaOrdem>2</SequenciaOrdem></Materia><Materia><CodigoMateria>148676</CodigoMateria><Identificacao>VETO PARCIAL Nº 25, DE 2021
      
      </Identificacao><SiglaMateria>VET</SiglaMateria><NumeroMateria>00025</NumeroMateria><AnoMateria>2021</AnoMateria><DescricaoIdentificacaoMateria>VET 25/2021</DescricaoIdentificacaoMateria><SiglaCasaIniciadora>CD</SiglaCasaIniciadora><Origem>nº 236 de 2021, na Câmara dos Deputados</Origem><Ementa>Veto Parcial aposto ao Projeto de Lei Complementar nº 146 de 2019, que &quot;Institui o marco legal das &quot;startups&quot; e do empreendedorismo inovador; e altera a Lei nº 6.404, de 15 de dezembro de 1976, e a Lei Complementar nº 123, de 14 de dezembro de 2006&quot;.</Ementa><Apreciacao>Votação, em turno único</Apreciacao><ApreciacaoPapeleta>Votação, em turno único, do</ApreciacaoPapeleta><EmentaPapeleta>Veto Parcial aposto ao Projeto de Lei Complementar nº 146 de 2019, que &quot;Institui o marco legal das &quot;startups&quot; e do empreendedorismo inovador; e altera a Lei nº 6.404, de 15 de dezembro de 1976, e a Lei Complementar nº 123, de 14 de dezembro de 2006&quot;.</EmentaPapeleta><NomeAutor>Presidência da República</NomeAutor><TipoPauta>O</TipoPauta><DescricaoTipoPauta>ORDEM DO DIA</DescricaoTipoPauta><SequenciaOrdem>3</SequenciaOrdem></Materia><Materia><CodigoMateria>148879</CodigoMateria><Identificacao>VETO TOTAL Nº 33, DE 2021
      
      </Identificacao><SiglaMateria>VET</SiglaMateria><NumeroMateria>00033</NumeroMateria><AnoMateria>2021</AnoMateria><DescricaoIdentificacaoMateria>VET 33/2021</DescricaoIdentificacaoMateria><SiglaCasaIniciadora>SF</SiglaCasaIniciadora><Ementa>Veto Total aposto ao Projeto de Lei do Senado nº 293, de 2009 (nº 7.797/2010, na Câmara dos Deputados), que &quot;Altera a Lei nº 8.213, de 24 de julho de 1991, para incluir o lúpus e a epilepsia na lista de doenças que acarretam dispensa do prazo de carência para concessão dos benefícios de auxílio-doença e aposentadoria por invalidez&quot;.</Ementa><Apreciacao>Votação, em turno único</Apreciacao><ApreciacaoPapeleta>Votação, em turno único, do</ApreciacaoPapeleta><EmentaPapeleta>Veto Total aposto ao Projeto de Lei do Senado nº 293, de 2009 (nº 7.797/2010, na Câmara dos Deputados), que &quot;Altera a Lei nº 8.213, de 24 de julho de 1991, para incluir o lúpus e a epilepsia na lista de doenças que acarretam dispensa do prazo de carência para concessão dos benefícios de auxílio-doença e aposentadoria por invalidez&quot;.</EmentaPapeleta><NomeAutor>Presidência da República</NomeAutor><TipoPauta>O</TipoPauta><DescricaoTipoPauta>ORDEM DO DIA</DescricaoTipoPauta><SequenciaOrdem>4</SequenciaOrdem></Materia><Materia><CodigoMateria>149090</CodigoMateria><Identificacao>VETO PARCIAL Nº 36, DE 2021
      
      </Identificacao><SiglaMateria>VET</SiglaMateria><NumeroMateria>00036</NumeroMateria><AnoMateria>2021</AnoMateria><DescricaoIdentificacaoMateria>VET 36/2021</DescricaoIdentificacaoMateria><SiglaCasaIniciadora>CN</SiglaCasaIniciadora><Origem>nº 336 de 2021, na Casa de origem</Origem><Ementa>Veto Parcial aposto ao Projeto de Lei de Conversão nº 7, de 2021 (oriundo da MPV nº 1.031/2021), que &quot;Dispõe sobre a desestatização da empresa Centrais Elétricas Brasileiras S.A. (Eletrobras); altera as Leis nºs 5.899, de 5 de julho de 1973, 9.991, de 24 de julho de 2000, 10.438, de 26 de abril de 2002, 10.848, de 15 de março de 2004, 13.182, de 3 de novembro de 2015, 13.203, de 8 de dezembro de 2015, 14.118, de 13 de janeiro de 2021, 9.648, de 27 de maio de 1998, e 9.074, de 7 de julho de 1995; e revoga dispositivos da Lei nº 3.890-A, de 25 de abril de 1961&quot;.</Ementa><Apreciacao>Votação, em turno único</Apreciacao><ApreciacaoPapeleta>Votação, em turno único, do</ApreciacaoPapeleta><EmentaPapeleta>Veto Parcial aposto ao Projeto de Lei de Conversão nº 7, de 2021 (oriundo da MPV nº 1.031/2021), que &quot;Dispõe sobre a desestatização da empresa Centrais Elétricas Brasileiras S.A. (Eletrobras); altera as Leis nºs 5.899, de 5 de julho de 1973, 9.991, de 24 de julho de 2000, 10.438, de 26 de abril de 2002, 10.848, de 15 de março de 2004, 13.182, de 3 de novembro de 2015, 13.203, de 8 de dezembro de 2015, 14.118, de 13 de janeiro de 2021, 9.648, de 27 de maio de 1998, e 9.074, de 7 de julho de 1995; e revoga dispositivos da Lei nº 3.890-A, de 25 de abril de 1961&quot;.</EmentaPapeleta><NomeAutor>Presidência da República</NomeAutor><TipoPauta>O</TipoPauta><DescricaoTipoPauta>ORDEM DO DIA</DescricaoTipoPauta><SequenciaOrdem>5</SequenciaOrdem></Materia><Materia><CodigoMateria>149175</CodigoMateria><Identificacao>VETO TOTAL Nº 41, DE 2021
      
      </Identificacao><SiglaMateria>VET</SiglaMateria><NumeroMateria>00041</NumeroMateria><AnoMateria>2021</AnoMateria><DescricaoIdentificacaoMateria>VET 41/2021</DescricaoIdentificacaoMateria><SiglaCasaIniciadora>SF</SiglaCasaIniciadora><Ementa>Veto Total aposto ao Projeto de Lei nº 6.330 de 2019, que &quot;Altera a Lei n° 9.656, de 3 de junho de 1998 (Lei dos Planos de Saúde), para ampliar o acesso a tratamentos antineoplásicos domiciliares de uso oral pelos usuários de planos de assistência à saúde&quot;.</Ementa><Apreciacao>Votação, em turno único</Apreciacao><ApreciacaoPapeleta>Votação, em turno único, do</ApreciacaoPapeleta><EmentaPapeleta>Veto Total aposto ao Projeto de Lei nº 6.330 de 2019, que &quot;Altera a Lei n° 9.656, de 3 de junho de 1998 (Lei dos Planos de Saúde), para ampliar o acesso a tratamentos antineoplásicos domiciliares de uso oral pelos usuários de planos de assistência à saúde&quot;.</EmentaPapeleta><NomeAutor>Presidência da República</NomeAutor><TipoPauta>O</TipoPauta><DescricaoTipoPauta>ORDEM DO DIA</DescricaoTipoPauta><SequenciaOrdem>6</SequenciaOrdem></Materia><Materia><CodigoMateria>149701</CodigoMateria><Identificacao>VETO PARCIAL Nº 46, DE 2021
      
      </Identificacao><SiglaMateria>VET</SiglaMateria><NumeroMateria>00046</NumeroMateria><AnoMateria>2021</AnoMateria><DescricaoIdentificacaoMateria>VET 46/2021</DescricaoIdentificacaoMateria><SiglaCasaIniciadora>CD</SiglaCasaIniciadora><Origem>nº 427 de 2021, na Câmara dos Deputados</Origem><Ementa>Veto Parcial aposto ao Projeto de Lei nº 2.108, de 2021 (nº 2.462/1991, na Câmara dos Deputados), que &quot;Acrescenta o Título XII na Parte Especial do Decreto-Lei nº 2.848, de 7 de dezembro de 1940 (Código Penal), relativo aos crimes contra o Estado Democrático de Direito; e revoga a Lei nº 7.170, de 14 de dezembro de 1983 (Lei de Segurança Nacional), e dispositivo do Decreto-Lei nº 3.688, de 3 de outubro de 1941 (Lei das Contravenções Penais)&quot;.</Ementa><Apreciacao>Votação, em turno único</Apreciacao><ApreciacaoPapeleta>Votação, em turno único, do</ApreciacaoPapeleta><EmentaPapeleta>Veto Parcial aposto ao Projeto de Lei nº 2.108, de 2021 (nº 2.462/1991, na Câmara dos Deputados), que &quot;Acrescenta o Título XII na Parte Especial do Decreto-Lei nº 2.848, de 7 de dezembro de 1940 (Código Penal), relativo aos crimes contra o Estado Democrático de Direito; e revoga a Lei nº 7.170, de 14 de dezembro de 1983 (Lei de Segurança Nacional), e dispositivo do Decreto-Lei nº 3.688, de 3 de outubro de 1941 (Lei das Contravenções Penais)&quot;.</EmentaPapeleta><NomeAutor>Presidência da República</NomeAutor><TipoPauta>O</TipoPauta><DescricaoTipoPauta>ORDEM DO DIA</DescricaoTipoPauta><SequenciaOrdem>7</SequenciaOrdem></Materia><Materia><CodigoMateria>149720</CodigoMateria><Identificacao>VETO PARCIAL Nº 48, DE 2021
      
      </Identificacao><SiglaMateria>VET</SiglaMateria><NumeroMateria>00048</NumeroMateria><AnoMateria>2021</AnoMateria><DescricaoIdentificacaoMateria>VET 48/2021</DescricaoIdentificacaoMateria><SiglaCasaIniciadora>SF</SiglaCasaIniciadora><Ementa>Veto Parcial aposto ao Projeto de Lei nº 12, de 2021, que  &quot;Altera a Lei nº 9.279, de 14 de maio de 1996 (Lei de Propriedade Industrial), para dispor sobre a licença compulsória de patentes ou de pedidos de patente nos casos de declaração de emergência nacional ou internacional ou de interesse público, ou de reconhecimento de estado de calamidade pública de âmbito nacional&quot;.</Ementa><Apreciacao>Votação, em turno único</Apreciacao><ApreciacaoPapeleta>Votação, em turno único, do</ApreciacaoPapeleta><EmentaPapeleta>Veto Parcial aposto ao Projeto de Lei nº 12, de 2021, que  &quot;Altera a Lei nº 9.279, de 14 de maio de 1996 (Lei de Propriedade Industrial), para dispor sobre a licença compulsória de patentes ou de pedidos de patente nos casos de declaração de emergência nacional ou internacional ou de interesse público, ou de reconhecimento de estado de calamidade pública de âmbito nacional&quot;.</EmentaPapeleta><NomeAutor>Presidência da República</NomeAutor><TipoPauta>O</TipoPauta><DescricaoTipoPauta>ORDEM DO DIA</DescricaoTipoPauta><SequenciaOrdem>8</SequenciaOrdem></Materia><Materia><CodigoMateria>149855</CodigoMateria><Identificacao>VETO PARCIAL Nº 50, DE 2021
      
      </Identificacao><SiglaMateria>VET</SiglaMateria><NumeroMateria>00050</NumeroMateria><AnoMateria>2021</AnoMateria><DescricaoIdentificacaoMateria>VET 50/2021</DescricaoIdentificacaoMateria><SiglaCasaIniciadora>CN</SiglaCasaIniciadora><Origem>nº 452 de 2021, na Casa de origem</Origem><Ementa>Veto Parcial aposto ao Projeto de Lei de Conversão nº 18, de 2021 (oriundo da MPV nº 1.042/2021), que &quot;Simplifica a gestão de cargos em comissão e de funções de confiança na administração pública federal direta, autárquica e fundacional; altera a Lei nº 11.526, de 4 de outubro de 2007; e revoga dispositivos das Leis nºs 8.216, de 13 de agosto de 1991, 8.460, de 17 de setembro de 1992, 9.028, de 12 de abril de 1995, 9.625, de 7 de abril de 1998, 9.649, de 27 de maio de 1998, 10.480, de 2 de julho de 2002, 10.556, de 13 de novembro de 2002, 10.667, de 14 de maio de 2003, 10.682, de 28 de maio de 2003, 11.355, de 19 de outubro de 2006, 11.357, de 19 de outubro de 2006, 11.907, de 2 de fevereiro de 2009, e 13.346, de 10 de outubro de 2016, e da Medida Provisória nº 2.229-43, de 6 de setembro de 2001&quot;.</Ementa><Apreciacao>Votação, em turno único</Apreciacao><ApreciacaoPapeleta>Votação, em turno único, do</ApreciacaoPapeleta><EmentaPapeleta>Veto Parcial aposto ao Projeto de Lei de Conversão nº 18, de 2021 (oriundo da MPV nº 1.042/2021), que &quot;Simplifica a gestão de cargos em comissão e de funções de confiança na administração pública federal direta, autárquica e fundacional; altera a Lei nº 11.526, de 4 de outubro de 2007; e revoga dispositivos das Leis nºs 8.216, de 13 de agosto de 1991, 8.460, de 17 de setembro de 1992, 9.028, de 12 de abril de 1995, 9.625, de 7 de abril de 1998, 9.649, de 27 de maio de 1998, 10.480, de 2 de julho de 2002, 10.556, de 13 de novembro de 2002, 10.667, de 14 de maio de 2003, 10.682, de 28 de maio de 2003, 11.355, de 19 de outubro de 2006, 11.357, de 19 de outubro de 2006, 11.907, de 2 de fevereiro de 2009, e 13.346, de 10 de outubro de 2016, e da Medida Provisória nº 2.229-43, de 6 de setembro de 2001&quot;.</EmentaPapeleta><NomeAutor>Presidência da República</NomeAutor><TipoPauta>O</TipoPauta><DescricaoTipoPauta>ORDEM DO DIA</DescricaoTipoPauta><SequenciaOrdem>9</SequenciaOrdem></Materia><Materia><CodigoMateria>150108</CodigoMateria><Identificacao>VETO PARCIAL Nº 55, DE 2021
      
      </Identificacao><SiglaMateria>VET</SiglaMateria><NumeroMateria>00055</NumeroMateria><AnoMateria>2021</AnoMateria><DescricaoIdentificacaoMateria>VET 55/2021</DescricaoIdentificacaoMateria><SiglaCasaIniciadora>SF</SiglaCasaIniciadora><Ementa>Veto Parcial aposto ao Projeto de Lei nº 783, de 2021, que &quot;Altera a Lei nº 4.737, de 15 de julho de 1965 (Código Eleitoral), e a Lei nº 9.504, de 30 de setembro de 1997 (Lei das Eleições), para ajustar a sua redação à vedação constitucional de coligações nas eleições proporcionais; para fixar critérios para a participação dos partidos e dos candidatos na distribuição dos lugares pelo critério das maiores médias nas eleições proporcionais; e para reduzir o limite de candidatos que cada partido poderá registrar nas eleições proporcionais&quot;.</Ementa><Apreciacao>Votação, em turno único</Apreciacao><ApreciacaoPapeleta>Votação, em turno único, do</ApreciacaoPapeleta><EmentaPapeleta>Veto Parcial aposto ao Projeto de Lei nº 783, de 2021, que &quot;Altera a Lei nº 4.737, de 15 de julho de 1965 (Código Eleitoral), e a Lei nº 9.504, de 30 de setembro de 1997 (Lei das Eleições), para ajustar a sua redação à vedação constitucional de coligações nas eleições proporcionais; para fixar critérios para a participação dos partidos e dos candidatos na distribuição dos lugares pelo critério das maiores médias nas eleições proporcionais; e para reduzir o limite de candidatos que cada partido poderá registrar nas eleições proporcionais&quot;.</EmentaPapeleta><NomeAutor>Presidência da República</NomeAutor><TipoPauta>O</TipoPauta><DescricaoTipoPauta>ORDEM DO DIA</DescricaoTipoPauta><SequenciaOrdem>10</SequenciaOrdem></Materia><Materia><CodigoMateria>150201</CodigoMateria><Identificacao>VETO PARCIAL Nº 56, DE 2021
      
      </Identificacao><SiglaMateria>VET</SiglaMateria><NumeroMateria>00056</NumeroMateria><AnoMateria>2021</AnoMateria><DescricaoIdentificacaoMateria>VET 56/2021</DescricaoIdentificacaoMateria><SiglaCasaIniciadora>CN</SiglaCasaIniciadora><Origem>nº 496 de 2021, na Casa de origem</Origem><Ementa>Veto Parcial aposto ao Projeto de Lei nº 12, de 2021-CN, que &quot;Altera a Lei nº 14.116, de 31 de dezembro de 2020, que dispõe sobre as diretrizes para a elaboração e a execução da Lei Orçamentária de 2021&quot;.</Ementa><Apreciacao>Votação, em turno único</Apreciacao><ApreciacaoPapeleta>Votação, em turno único, do</ApreciacaoPapeleta><EmentaPapeleta>Veto Parcial aposto ao Projeto de Lei nº 12, de 2021-CN, que &quot;Altera a Lei nº 14.116, de 31 de dezembro de 2020, que dispõe sobre as diretrizes para a elaboração e a execução da Lei Orçamentária de 2021&quot;.</EmentaPapeleta><NomeAutor>Presidência da República</NomeAutor><TipoPauta>O</TipoPauta><DescricaoTipoPauta>ORDEM DO DIA</DescricaoTipoPauta><SequenciaOrdem>11</SequenciaOrdem></Materia><Materia><CodigoMateria>150204</CodigoMateria><Identificacao>VETO TOTAL Nº 58, DE 2021
      
      </Identificacao><SiglaMateria>VET</SiglaMateria><NumeroMateria>00058</NumeroMateria><AnoMateria>2021</AnoMateria><DescricaoIdentificacaoMateria>VET 58/2021</DescricaoIdentificacaoMateria><SiglaCasaIniciadora>CD</SiglaCasaIniciadora><Origem>nº 498 de 2021, na Câmara dos Deputados</Origem><Ementa>Veto Total aposto ao Projeto de Lei nº 2.110, de 2019 (nº 1.559/2015, na Câmara dos Deputados), que &quot;Altera a Lei nº 4.502, de 30 de novembro de 1964, para conceituar o termo &quot;praça&quot; para os fins que especifica&quot;.</Ementa><Apreciacao>Votação, em turno único</Apreciacao><ApreciacaoPapeleta>Discussão, em turno único, do </ApreciacaoPapeleta><EmentaPapeleta>Veto Total aposto ao Projeto de Lei nº 2.110, de 2019 (nº 1.559/2015, na Câmara dos Deputados), que &quot;Altera a Lei nº 4.502, de 30 de novembro de 1964, para conceituar o termo &quot;praça&quot; para os fins que especifica&quot;.</EmentaPapeleta><NomeAutor>Presidência da República</NomeAutor><TipoPauta>O</TipoPauta><DescricaoTipoPauta>ORDEM DO DIA</DescricaoTipoPauta><SequenciaOrdem>12</SequenciaOrdem></Materia><Materia><CodigoMateria>150215</CodigoMateria><Identificacao>VETO PARCIAL Nº 59, DE 2021
      
      </Identificacao><SiglaMateria>VET</SiglaMateria><NumeroMateria>00059</NumeroMateria><AnoMateria>2021</AnoMateria><DescricaoIdentificacaoMateria>VET 59/2021</DescricaoIdentificacaoMateria><SiglaCasaIniciadora>CD</SiglaCasaIniciadora><Origem>nº 503 de 2021, na Câmara dos Deputados</Origem><Ementa>Veto Parcial aposto ao Projeto de Lei nº 4.968, de 2019, que &quot;Institui o Programa de Proteção e Promoção da Saúde Menstrual; e altera a Lei nº 11.346, de 15 de setembro de 2006, para determinar que as cestas básicas entregues no âmbito do Sistema Nacional de Segurança Alimentar e Nutricional (Sisan) deverão conter como item essencial o absorvente higiênico feminino&quot;.</Ementa><Apreciacao>Votação, em turno único</Apreciacao><ApreciacaoPapeleta>Votação, em turno único, do</ApreciacaoPapeleta><EmentaPapeleta>Veto Parcial aposto ao Projeto de Lei nº 4.968, de 2019, que &quot;Institui o Programa de Proteção e Promoção da Saúde Menstrual; e altera a Lei nº 11.346, de 15 de setembro de 2006, para determinar que as cestas básicas entregues no âmbito do Sistema Nacional de Segurança Alimentar e Nutricional (Sisan) deverão conter como item essencial o absorvente higiênico feminino&quot;.</EmentaPapeleta><NomeAutor>Presidência da República</NomeAutor><TipoPauta>O</TipoPauta><DescricaoTipoPauta>ORDEM DO DIA</DescricaoTipoPauta><SequenciaOrdem>13</SequenciaOrdem></Materia><Materia><CodigoMateria>150272</CodigoMateria><Identificacao>VETO TOTAL Nº 60, DE 2021
      
      </Identificacao><SiglaMateria>VET</SiglaMateria><NumeroMateria>00060</NumeroMateria><AnoMateria>2021</AnoMateria><DescricaoIdentificacaoMateria>VET 60/2021</DescricaoIdentificacaoMateria><SiglaCasaIniciadora>SF</SiglaCasaIniciadora><Ementa>Veto Total aposto ao Projeto de Lei do Senado nº 503, de 2011 (nº 4.261/2012, na Câmara dos Deputados), que &quot;Denomina Rodovia Presidente João Goulart o trecho da rodovia BR-153 compreendido entre o Município de Cachoeira do Sul, no Estado do Rio Grande do Sul, e o Município de Marabá, no Estado do Pará&quot;.</Ementa><Apreciacao>Votação, em turno único</Apreciacao><ApreciacaoPapeleta>Votação, em turno único, do</ApreciacaoPapeleta><EmentaPapeleta>Veto Total aposto ao Projeto de Lei do Senado nº 503, de 2011 (nº 4.261/2012, na Câmara dos Deputados), que &quot;Denomina Rodovia Presidente João Goulart o trecho da rodovia BR-153 compreendido entre o Município de Cachoeira do Sul, no Estado do Rio Grande do Sul, e o Município de Marabá, no Estado do Pará&quot;.</EmentaPapeleta><NomeAutor>Presidência da República</NomeAutor><TipoPauta>O</TipoPauta><DescricaoTipoPauta>ORDEM DO DIA</DescricaoTipoPauta><SequenciaOrdem>14</SequenciaOrdem></Materia><Materia><CodigoMateria>150385</CodigoMateria><Identificacao>VETO PARCIAL Nº 61, DE 2021
      
      </Identificacao><SiglaMateria>VET</SiglaMateria><NumeroMateria>00061</NumeroMateria><AnoMateria>2021</AnoMateria><DescricaoIdentificacaoMateria>VET 61/2021</DescricaoIdentificacaoMateria><SiglaCasaIniciadora>CN</SiglaCasaIniciadora><Origem>nº 534 de 2021, na Casa de origem</Origem><Ementa>Veto Parcial aposto ao Projeto de Lei de Conversão nº 22, de 2021 (oriundo da MPV nº 1.052/2021), que &quot;Altera a Lei nº 12.712, de 30 de agosto de 2012, a Lei nº 7.827, de 27 de setembro de 1989, a Lei nº 10.177, de 12 de janeiro de 2001, a Lei nº 9.126, de 10 de novembro de 1995, a Lei nº 11.079, de 30 de dezembro de 2004, e a Medida Provisória nº 2.199-14, de 24 de agosto de 2001&quot;.</Ementa><Apreciacao>Votação, em turno único</Apreciacao><ApreciacaoPapeleta>Votação, em turno único, do</ApreciacaoPapeleta><EmentaPapeleta>Veto Parcial aposto ao Projeto de Lei de Conversão nº 22, de 2021 (oriundo da MPV nº 1.052/2021), que &quot;Altera a Lei nº 12.712, de 30 de agosto de 2012, a Lei nº 7.827, de 27 de setembro de 1989, a Lei nº 10.177, de 12 de janeiro de 2001, a Lei nº 9.126, de 10 de novembro de 1995, a Lei nº 11.079, de 30 de dezembro de 2004, e a Medida Provisória nº 2.199-14, de 24 de agosto de 2001&quot;.</EmentaPapeleta><NomeAutor>Presidência da República</NomeAutor><TipoPauta>O</TipoPauta><DescricaoTipoPauta>ORDEM DO DIA</DescricaoTipoPauta><SequenciaOrdem>15</SequenciaOrdem></Materia><Materia><CodigoMateria>150542</CodigoMateria><Identificacao>VETO PARCIAL Nº 62, DE 2021
      
      </Identificacao><SiglaMateria>VET</SiglaMateria><NumeroMateria>00062</NumeroMateria><AnoMateria>2021</AnoMateria><DescricaoIdentificacaoMateria>VET 62/2021</DescricaoIdentificacaoMateria><SiglaCasaIniciadora>SF</SiglaCasaIniciadora><Ementa>Veto Parcial aposto ao Projeto de Lei do Senado nº 8, de 2016 (nº 5.000/2016, na Câmara dos Deputados, e devolvido ao Senado como SCD nº 3/2018), que &quot;Institui a Política Nacional de Dados e Informações relacionadas à Violência contra as Mulheres (PNAINFO)&quot;.</Ementa><Apreciacao>Votação, em turno único</Apreciacao><ApreciacaoPapeleta>Votação, em turno único, do</ApreciacaoPapeleta><EmentaPapeleta>Veto Parcial aposto ao Projeto de Lei do Senado nº 8, de 2016 (nº 5.000/2016, na Câmara dos Deputados, e devolvido ao Senado como SCD nº 3/2018), que &quot;Institui a Política Nacional de Dados e Informações relacionadas à Violência contra as Mulheres (PNAINFO)&quot;.</EmentaPapeleta><NomeAutor>Presidência da República</NomeAutor><TipoPauta>O</TipoPauta><DescricaoTipoPauta>ORDEM DO DIA</DescricaoTipoPauta><SequenciaOrdem>16</SequenciaOrdem></Materia><Materia><CodigoMateria>150900</CodigoMateria><Identificacao>VETO PARCIAL Nº 63, DE 2021
      
      </Identificacao><SiglaMateria>VET</SiglaMateria><NumeroMateria>00063</NumeroMateria><AnoMateria>2021</AnoMateria><DescricaoIdentificacaoMateria>VET 63/2021</DescricaoIdentificacaoMateria><SiglaCasaIniciadora>CD</SiglaCasaIniciadora><Origem>nº 594 de 2021, na Câmara dos Deputados</Origem><Ementa>Veto Parcial aposto ao Projeto de Lei nº 1.605, de 2019, que &quot;Institui o Estatuto da Pessoa com Câncer; e dá outras providências&quot;.</Ementa><Apreciacao>Discussão, em turno único</Apreciacao><ApreciacaoPapeleta>Discussão, em turno único, do </ApreciacaoPapeleta><EmentaPapeleta>Veto Parcial aposto ao Projeto de Lei nº 1.605, de 2019, que &quot;Institui o Estatuto da Pessoa com Câncer; e dá outras providências&quot;.</EmentaPapeleta><NomeAutor>Presidência da República</NomeAutor><TipoPauta>O</TipoPauta><DescricaoTipoPauta>ORDEM DO DIA</DescricaoTipoPauta><SequenciaOrdem>17</SequenciaOrdem></Materia><Materia><CodigoMateria>151463</CodigoMateria><Identificacao>VETO PARCIAL Nº 2, DE 2022
      
      </Identificacao><SiglaMateria>VET</SiglaMateria><NumeroMateria>00002</NumeroMateria><AnoMateria>2022</AnoMateria><DescricaoIdentificacaoMateria>VET 2/2022</DescricaoIdentificacaoMateria><SiglaCasaIniciadora>SF</SiglaCasaIniciadora><Ementa>Veto Parcial aposto ao Projeto de Lei nº 4.572, de 2019, que &quot;Altera a Lei nº 9.096, de 19 de setembro de 1995 (Lei dos Partidos Políticos), para dispor sobre a propaganda partidária gratuita no rádio e na televisão&quot;.</Ementa><Apreciacao>Discussão, em turno único</Apreciacao><ApreciacaoPapeleta>Discussão, em turno único, do </ApreciacaoPapeleta><EmentaPapeleta>Veto Parcial aposto ao Projeto de Lei nº 4.572, de 2019, que &quot;Altera a Lei nº 9.096, de 19 de setembro de 1995 (Lei dos Partidos Políticos), para dispor sobre a propaganda partidária gratuita no rádio e na televisão&quot;.</EmentaPapeleta><NomeAutor>Presidência da República</NomeAutor><TipoPauta>O</TipoPauta><DescricaoTipoPauta>ORDEM DO DIA</DescricaoTipoPauta><SequenciaOrdem>18</SequenciaOrdem></Materia><Materia><CodigoMateria>151469</CodigoMateria><Identificacao>VETO TOTAL Nº 6, DE 2022
      
      </Identificacao><SiglaMateria>VET</SiglaMateria><NumeroMateria>00006</NumeroMateria><AnoMateria>2022</AnoMateria><DescricaoIdentificacaoMateria>VET 6/2022</DescricaoIdentificacaoMateria><SiglaCasaIniciadora>CD</SiglaCasaIniciadora><Origem>nº 14 de 2022, na Câmara dos Deputados</Origem><Ementa>Veto Total aposto ao Projeto de Lei nº 1.676, de 2020, que &quot;Altera a Lei Complementar nº 173, de 27 de maio de 2020, para ajustar o período de suspensão da contagem dos prazos de validade dos concursos públicos em razão dos impactos econômicos decorrentes da emergência de saúde pública de importância internacional decorrente da covid-19&quot;.</Ementa><Apreciacao>Discussão, em turno único</Apreciacao><ApreciacaoPapeleta>Discussão, em turno único, do </ApreciacaoPapeleta><EmentaPapeleta>Veto Total aposto ao Projeto de Lei nº 1.676, de 2020, que &quot;Altera a Lei Complementar nº 173, de 27 de maio de 2020, para ajustar o período de suspensão da contagem dos prazos de validade dos concursos públicos em razão dos impactos econômicos decorrentes da emergência de saúde pública de importância internacional decorrente da covid-19&quot;.</EmentaPapeleta><NomeAutor>Presidência da República</NomeAutor><TipoPauta>O</TipoPauta><DescricaoTipoPauta>ORDEM DO DIA</DescricaoTipoPauta><SequenciaOrdem>19</SequenciaOrdem></Materia></Materias></Sessao><Sessao><DiaUtil>08</DiaUtil><Data>2022-02-08</Data><DiaSemana>terça-feira</DiaSemana><Mes>Fevereiro</Mes><Horario>18 horas </Horario><Hora>18:00</Hora><TipoSessao>SESSÃO DELIBERATIVA ORDINÁRIA</TipoSessao><LocalSessao>Plenário do Senado Federal</LocalSessao><CodigoSessao>24925</CodigoSessao><Casa>SF</Casa><SessaoLegislativa>4</SessaoLegislativa><Legislatura>56</Legislatura><CodigoSituacaoSessao>1</CodigoSituacaoSessao><SituacaoSessao>Agendada</SituacaoSessao><Realizada><Status>Não</Status></Realizada><PautaConfirmada>Sim</PautaConfirmada><TipoPresenca>S</TipoPresenca><DescricaoTipoPresenca>Semipresencial</DescricaoTipoPresenca><Materias><Materia><CodigoMateria>149718</CodigoMateria><Identificacao>PROJETO DE LEI DE CONVERSÃO Nº 29, DE 2021
      
      </Identificacao><SiglaMateria>MPV</SiglaMateria><NumeroMateria>01067</NumeroMateria><AnoMateria>2021</AnoMateria><DescricaoIdentificacaoMateria>MPV 1067/2021</DescricaoIdentificacaoMateria><SiglaCasaIniciadora>CN</SiglaCasaIniciadora><Ementa>Altera a Lei nº 9.656, de 1998, para dispor sobre o processo de atualização das coberturas no âmbito da saúde suplementar.</Ementa><Parecer>Relatora: Senadora Daniella Ribeiro. 
      Pendente de parecer no Senado Federal. 
      (Prazo final prorrogado: 10.02.2022)</Parecer><Apreciacao>Discussão, em turno único</Apreciacao><ApreciacaoPapeleta>Projeto de Lei de Conversão nº 29, de 2021, que</ApreciacaoPapeleta><EmentaPapeleta>altera a Lei nº 9.656, de 1998, para dispor sobre o processo de atualização das coberturas no âmbito da saúde suplementar.</EmentaPapeleta><Cabecalho>(Proveniente da Medida Provisória n° 1.067, de 2021)</Cabecalho><NomeRelator>Senadora Daniella Ribeiro</NomeRelator><NomeAutor>Presidência da República</NomeAutor><TipoPauta>O</TipoPauta><DescricaoTipoPauta>ORDEM DO DIA</DescricaoTipoPauta><SequenciaOrdem>1</SequenciaOrdem></Materia><Materia><CodigoMateria>151553</CodigoMateria><Identificacao>SUBSTITUTIVO DA CÂMARA AO PROJETO DE LEI Nº 548, DE 2019
      
      </Identificacao><SiglaMateria>PL</SiglaMateria><NumeroMateria>00548</NumeroMateria><AnoMateria>2019</AnoMateria><DescricaoObjetivoProcesso>Substitutivo</DescricaoObjetivoProcesso><DescricaoIdentificacaoMateria>PL 548/2019 (Substitutivo-CD)</DescricaoIdentificacaoMateria><SiglaCasaIniciadora>CN</SiglaCasaIniciadora><Origem>nº 548 de 2019, na Casa de origem</Origem><Ementa>Prevê a imposição de restrições sanitárias que afetem direitos dos condôminos durante a pandemia da Covid-19, e altera o Código Civil, para permitir a realização de assembleias e reuniões virtuais de condomínios edilícios e de órgãos deliberativos de pessoas jurídicas, bem como para possibilitar a sessão permanente de condôminos, e permite a realização de reuniões e deliberações virtuais de organizações da sociedade civil.</Ementa><Parecer>Relator: Senador Flávio Bolsonaro.
      Pendente de parecer de Plenário.
      </Parecer><Apreciacao>Discussão, em turno único</Apreciacao><ApreciacaoPapeleta>Substitutivo da Câmara ao Projeto de Lei nº 548, de 2019, da Senadora Soraya Thronicke, que</ApreciacaoPapeleta><EmentaPapeleta>prevê a imposição de restrições sanitárias que afetem direitos dos condôminos durante a pandemia da Covid-19, e altera o Código Civil, para permitir a realização de assembleias e reuniões virtuais de condomínios edilícios e de órgãos deliberativos de pessoas jurídicas, bem como para possibilitar a sessão permanente de condôminos, e permite a realização de reuniões e deliberações virtuais de organizações da sociedade civil.</EmentaPapeleta><NomeRelator>Senador Flávio Bolsonaro</NomeRelator><NomeAutor>Senadora Soraya Thronicke</NomeAutor><TipoPauta>O</TipoPauta><DescricaoTipoPauta>ORDEM DO DIA</DescricaoTipoPauta><SequenciaOrdem>2</SequenciaOrdem></Materia><Materia><CodigoMateria>150778</CodigoMateria><Identificacao>PROJETO DE LEI Nº 4.000, DE 2021
      
      </Identificacao><SiglaMateria>PL</SiglaMateria><NumeroMateria>04000</NumeroMateria><AnoMateria>2021</AnoMateria><DescricaoObjetivoProcesso>Iniciadora</DescricaoObjetivoProcesso><DescricaoIdentificacaoMateria>PL 4000/2021</DescricaoIdentificacaoMateria><SiglaCasaIniciadora>SF</SiglaCasaIniciadora><Origem>nº 4000 de 2021, no Senado Federal</Origem><Ementa>Altera o Código Civil, a fim de tornar exigível a aprovação de dois terços dos votos dos condôminos para a mudança da destinação do edifício ou da unidade imobiliária, em condomínios edilícios.
      </Ementa><Parecer>Relator: Senador Carlos Viana.
      Pendente de parecer de Plenário.</Parecer><Apreciacao>Discussão, em turno único</Apreciacao><ApreciacaoPapeleta>Projeto de Lei nº 4.000, de 2021, do Senador Carlos Portinho, que</ApreciacaoPapeleta><EmentaPapeleta>altera o Código Civil, a fim de tornar exigível a aprovação de dois terços dos votos dos condôminos para a mudança da destinação do edifício ou da unidade imobiliária, em condomínios edilícios.
      </EmentaPapeleta><NomeRelator>Senador Carlos Viana</NomeRelator><NomeAutor>Senador Carlos Portinho</NomeAutor><TipoPauta>O</TipoPauta><DescricaoTipoPauta>ORDEM DO DIA</DescricaoTipoPauta><SequenciaOrdem>3</SequenciaOrdem></Materia></Materias></Sessao>
   </Sessoes>
</AgendaPlenario>
