{"success": true, "deck_id": "5871t15hbfih", "cards": [{"code": "AS", "image": "https://deckofcardsapi.com/static/img/AS.png", "images": {"svg": "https://deckofcardsapi.com/static/img/AS.svg", "png": "https://deckofcardsapi.com/static/img/AS.png"}, "value": "ACE", "suit": "SPADES"}, {"code": "2S", "image": "https://deckofcardsapi.com/static/img/2S.png", "images": {"svg": "https://deckofcardsapi.com/static/img/2S.svg", "png": "https://deckofcardsapi.com/static/img/2S.png"}, "value": "2", "suit": "SPADES"}], "remaining": 50}